AA1,Andreyevichthys_epitomus
AA2,Griphognathus_sculptus
AA3,Griphognathus_whitei
AA4,Jarvikia_arctica
AA5,Oervigia_nordica
AA6,Orlovicthys_limnatus
AA7,Rhenodipterus_secans
AA8,Rhenodipterus_stolbov
AA9,Rhenodipterus_ulrich
AA10,Scaumenacia_curta
AA11,Soedenberghia_groenlandica
AE1,Canadapteraspis_alocostomata
AE2,Larnovaspis_goujeti
AE3,Loricopteraspis_dairydinglensis
AE4,Errivaspis waynensis
AE5,Rhinopteraspis crouchi
AG1,Schizophoria_(Rhenochizophoria)_provulvaria
AG2,Schizophoria_(Eochizophoria)_oriskanis
AG3,Schizophoria_(Eochizophoria)_parafragilis
AG4,Schizophoria_(Eochizophoria)_paraprima
AG5,Schizophoria_(Schizophoria)_swallovi
AG6,Schizophoria_(Schizophoria)_transversasis
AG7,Schizophoria_(Schizophoria)_iowensis
AG8,Schizophoria_(Schizophoria)_mesacarina
AG9,Schizophoria_(Schizophoria)_multistriata
AG10,Schizophoria_(Schizophoria)_australis
AG11,Schizophoria_(Schizophoria)_marylandica
AG12,Schizophoria_(Schizophoria)_impressa
AG13,Schizophoria_(Schizophoria)_magna
AG14,Schizophoria_(Schizophoria)_tulliensis
AG15,Schizophoria_(Schizophoria)_amanaensis
AG16,Schizophoria_(Schizophoria)_sulcata
AG17,Schizophoria_(Schizophoria)_ferronensis
AG18,Schizophoria_(Schizophoria)_mcfarlanii
AJ1,Uranolophus_wyomingensis
AJ2,Osteolepis_sp.
AJ3,Glyptolepis_sp.
AJ4,Strunius_sp.
AJ5,Miguashaia_bureaui
AM1,Leonaspis_sp.
AM2,Leonaspis_brittanica
AM3,Leonaspis_maura
AM4,Leonaspis_lochkovensis
AM5,Leonaspis_belisarius
AM6,Leonaspis_jenkinsi
AM7,Leonaspis_truncata
AM8,Leonaspis_hoernesi
G1,Metacryphaeus_allardyceae
G2,Metacryphaeus_australis
G3,Metacryphaeus_caffer
G4,Metacryphaeus_meloi
G5,Metacryphaeus_tuberculatus
G6,Metacryphaeus_kegeli
O1,Kettneraspis_raymondi
O2,Kettneraspis_invius
O3,Kettneraspis_microps
O4,Kettneraspis_veles
O5,Kettneraspis_ekphymus
O6,Paciphacops_sp.
O7,Paciphacops_sp_1 
O8,Paciphacops_crawfordae
O9,Paciphacops_latigenalis
O10,Paciphacops_serratus
O11,Paciphacops_claviger
O12,Paciphacops_crosseli
O13,Paciphacops_logani
O14,Paciphacops_eldredgei
O15,Paciphacops_argentinus
O16,Paciphacops_waistfeldae
O17,Paciphacops_hudsonicus
O18,Paciphacops_birdsongensis
O19,Paciphacops_campbelli
P1,Acanthopyge_(Lobopyge)_rohri
P2,Acanthopyge_(Lobopyge)_pustulosa
P3,Acanthopyge_(Lobopyge)_edgecombei
P4,Acanthopyge_(Lobopyge)_erinacea
P5,Acanthopyge_(Lobopyge)_sinuata
P6,Acanthopyge_(Lobopyge)_australis
P7,Acanthopyge_(Lobopyge)_australiformis
P8,Acanthopyge_(Lobopyge)_campbelli
P9,Acanthopyge_(Lobopyge)_consanguinea
P10,Acathopyge_(Lobopyge)_balliviani
P11,Acanthopyge_(Lobopyge)_richteri
P12,Acanthopyge_(Lobopyge)_uralensis
P13,Acanthopyge_(Lobopyge)_brankiensis
P14,Acanthopyge_(Lobopyge)_decheni
P15,Acanthopyge_(Lobopyge)_parva
P16,Acanthopyge_(Lobopyge)_brevis
P17,Acanthopyge_(Lobopyge)_limbata
P18,Acanthopyge_(Lobopyge)_sp._Victoria
P19,Acanthopyge_(Lobopyge)-doeckali
P20,Acanthopyge_(Lobopyge)_hirsuta
P21,Acanthopyge_(Lobopyge)_trinodis
K1,Trimerocephalus_dianopsoides
K2,Trimerocephalus_(Trifoliops)_nigritus
K3,Trimerocephalus_(Trifoliops)_trifolius
K4,Trimerocephalus?_steinachensis
Y1,Rhamphodopsis_threiplandi
Y2,Rhamphodopsis_trispinatus
Y3,Ctenurella_gardineri
Y4,Ctenurella_gladbachensis
Y5,Campbellodus_decipens
Y6,Ptyctodopsis_menzeli
Y7,Denisonodus_plutonensis